{
  "Docelandia": {
    "palavra_chave": "",
    "status_label": "A Receber/Recebendo Proposta",
    "uf": "SP",
    "municipios": [
      {
        "codigo_pncp": "3523",
        "nome": "Itapetininga",
        "uf": ""
      },
      {
        "codigo_pncp": "3359",
        "nome": "Buri",
        "uf": ""
      },
      {
        "codigo_pncp": "3721",
        "nome": "Porto Feliz",
        "uf": ""
      },
      {
        "codigo_pncp": "3405",
        "nome": "Conchas",
        "uf": ""
      },
      {
        "codigo_pncp": "3878",
        "nome": "Torre de Pedra",
        "uf": ""
      },
      {
        "codigo_pncp": "3720",
        "nome": "Porangaba",
        "uf": ""
      },
      {
        "codigo_pncp": "3477",
        "nome": "Guareí",
        "uf": ""
      },
      {
        "codigo_pncp": "3735",
        "nome": "Quadra",
        "uf": ""
      },
      {
        "codigo_pncp": "3292",
        "nome": "Angatuba",
        "uf": ""
      },
      {
        "codigo_pncp": "3385",
        "nome": "Capão Bonito",
        "uf": ""
      },
      {
        "codigo_pncp": "3375",
        "nome": "Campina do Monte Alegre",
        "uf": ""
      },
      {
        "codigo_pncp": "3694",
        "nome": "Pilar do Sul",
        "uf": ""
      },
      {
        "codigo_pncp": "3838",
        "nome": "Sarapuí",
        "uf": ""
      },
      {
        "codigo_pncp": "3386",
        "nome": "Capela do Alto",
        "uf": ""
      },
      {
        "codigo_pncp": "3829",
        "nome": "São Miguel Arcanjo",
        "uf": ""
      },
      {
        "codigo_pncp": "3399",
        "nome": "Cesário Lange",
        "uf": ""
      },
      {
        "codigo_pncp": "3533",
        "nome": "Itararé",
        "uf": ""
      }
    ]
  },
  "Chevrolet - Veiculos": {
    "palavra_chave": "veículo",
    "status_label": "A Receber/Recebendo Proposta",
    "uf": "SP",
    "municipios": [
      {
        "codigo_pncp": "3523",
        "nome": "Itapetininga",
        "uf": ""
      },
      {
        "codigo_pncp": "3359",
        "nome": "Buri",
        "uf": ""
      },
      {
        "codigo_pncp": "3721",
        "nome": "Porto Feliz",
        "uf": ""
      },
      {
        "codigo_pncp": "3405",
        "nome": "Conchas",
        "uf": ""
      },
      {
        "codigo_pncp": "3878",
        "nome": "Torre de Pedra",
        "uf": ""
      },
      {
        "codigo_pncp": "3720",
        "nome": "Porangaba",
        "uf": ""
      },
      {
        "codigo_pncp": "3477",
        "nome": "Guareí",
        "uf": ""
      },
      {
        "codigo_pncp": "3735",
        "nome": "Quadra",
        "uf": ""
      },
      {
        "codigo_pncp": "3292",
        "nome": "Angatuba",
        "uf": ""
      },
      {
        "codigo_pncp": "3385",
        "nome": "Capão Bonito",
        "uf": ""
      },
      {
        "codigo_pncp": "3375",
        "nome": "Campina do Monte Alegre",
        "uf": ""
      },
      {
        "codigo_pncp": "3694",
        "nome": "Pilar do Sul",
        "uf": ""
      },
      {
        "codigo_pncp": "3838",
        "nome": "Sarapuí",
        "uf": ""
      },
      {
        "codigo_pncp": "3386",
        "nome": "Capela do Alto",
        "uf": ""
      },
      {
        "codigo_pncp": "3829",
        "nome": "São Miguel Arcanjo",
        "uf": ""
      },
      {
        "codigo_pncp": "3399",
        "nome": "Cesário Lange",
        "uf": ""
      },
      {
        "codigo_pncp": "3533",
        "nome": "Itararé",
        "uf": ""
      }
    ]
  }
}